Month/Year,Market Growth Rate,Featured Products,Consumer Trends,Customer Feedback
2024-01,5%,Product A,Online Shopping,Positive reviews for Product A
2024-02,6%,Product B,Sustainability,Increased demand for sustainable products
2024-03,4%,Product C,Mobile Shopping,Improved mobile app experience
2024-04,7%,Product D,Personalization,Customization options liked by customers
2024-05,5%,Product E,Health & Wellness,Focus on health-conscious products
2024-06,8%,Product F,Technology Integration,Integration with IoT devices
2024-07,6%,Product G,Green Initiatives,Emphasis on eco-friendly products
2024-08,9%,Product H,Personal Finance,Financial management tools
2024-09,7%,Product I,Home Improvement,DIY trends and home renovation
2024-10,4%,Product J,Entertainment,Streaming services and digital content
2024-11,6%,Product K,Education,Online learning platforms
2024-12,5%,Product L,Travel & Leisure,Virtual travel experiences
2025-01,7%,Product M,Fashion,Seasonal fashion trends
2025-02,8%,Product N,Food & Beverage,Healthy eating habits
2025-03,6%,Product O,Automotive,Electric vehicles and smart cars
2025-04,5%,Product P,Social Impact,Support for social causes
2025-05,7%,Product Q,Beauty & Personal Care,Personal grooming products
2025-06,6%,Product R,Insurance,Digital insurance services
2025-07,9%,Product S,Healthcare,Telemedicine and digital health solutions
2025-08,7%,Product T,Real Estate,Property investment trends
2025-09,4%,Product U,Consumer Electronics,Smart home devices
2025-10,6%,Product V,Financial Services,Financial planning tools
2025-11,5%,Product W,Banking & Payments,Mobile banking solutions
2025-12,8%,Product X,Legal Services,Online legal consultation
2026-01,7%,Product Y,Energy & Utilities,Energy conservation products
2026-02,6%,Product Z,Marketing & Advertising,Digital marketing strategies
2026-03,9%,Product AA,Public Sector,Digital government services
2026-04,7%,Product BB,Art & Culture,Virtual art exhibitions
2026-05,5%,Product CC,Charity & Nonprofit,Online fundraising platforms
2026-06,6%,Product DD,Technology,Innovative tech solutions
