Month/Year,Revenue by Product Type,Revenue Trend Chart,Profit Analysis,Channel Comparison
Electronics,$100,0,Steady growth in electronics sector,Online vs. Retail sales comparison
Home Appliances,$80,0,Increase in kitchen appliances sales,Online vs. Retail sales comparison
Office Supplies,$50,0,Stable performance in office products,Online vs. Retail sales comparison
Toys,$30,0,Seasonal spike in toy sales,Online vs. Retail sales comparison
Fashion,$120,0,Growth in fashion segment,Online vs. Retail sales comparison
Electronics,$110,0,Introduction of new electronics line,Online vs. Retail sales comparison
Home Appliances,$90,0,Expansion of home appliances range,Online vs. Retail sales comparison
Office Supplies,$55,0,Increase in office supplies demand,Online vs. Retail sales comparison
Toys,$35,0,Back-to-school season boosts toy sales,Online vs. Retail sales comparison
Fashion,$130,0,Launch of new fashion collection,Online vs. Retail sales comparison
Electronics,$120,0,Special holiday discounts on electronics,Online vs. Retail sales comparison
Home Appliances,$95,0,Year-end promotions on home appliances,Online vs. Retail sales comparison
Office Supplies,$60,0,New year office supplies refresh,Online vs. Retail sales comparison
Toys,$38,0,Valentine's Day toy gift ideas,Online vs. Retail sales comparison
Fashion,$140,0,Spring fashion trends boost sales,Online vs. Retail sales comparison
Electronics,$130,0,Focus on smart home devices,Online vs. Retail sales comparison
Home Appliances,$100,0,Summer cooling appliances demand,Online vs. Retail sales comparison
Office Supplies,$65,0,Corporate office supplies procurement,Online vs. Retail sales comparison
Toys,$40,0,School holiday toy promotions,Online vs. Retail sales comparison
Fashion,$150,0,Back-to-school fashion collection,Online vs. Retail sales comparison
Electronics,$140,0,New smartphone launch impact,Online vs. Retail sales comparison
Home Appliances,$110,0,Kitchen renovation trends,Online vs. Retail sales comparison
Office Supplies,$70,0,Year-end office supplies sale,Online vs. Retail sales comparison
Toys,$45,0,Holiday season toy sales peak,Online vs. Retail sales comparison
Fashion,$160,0,Winter fashion collection launch,Online vs. Retail sales comparison
Electronics,$150,0,Smart home integration popularity,Online vs. Retail sales comparison
Home Appliances,$120,0,Home improvement season,Online vs. Retail sales comparison
Office Supplies,$75,0,Corporate office supplies demand,Online vs. Retail sales comparison
Toys,$48,0,Summer outdoor toy essentials,Online vs. Retail sales comparison
Fashion,$170,0,Summer fashion trends,Online vs. Retail sales comparison
